interval,day,classifier,score
83,Saturday,person,0.989013
84,Saturday,person,0.28905
84,Saturday,person,0.450166
85,Saturday,person,0.377541
85,Saturday,person,0.331812
93,Saturday,person,0.908877
93,Saturday,person,0.5
94,Saturday,person,0.310026
94,Saturday,person,0.377541
94,Saturday,person,0.475021
94,Saturday,person,0.401312
30,Sunday,person,0.880797
30,Sunday,person,0.268941
30,Sunday,person,0.832018
30,Sunday,person,0.982014
30,Sunday,person,0.985226
32,Sunday,person,0.98016
32,Sunday,person,0.989013
34,Sunday,person,0.28905
35,Sunday,person,0.574443
35,Sunday,person,0.598688
35,Sunday,person,0.549834
35,Sunday,person,0.785835
35,Sunday,person,0.354344
35,Sunday,person,0.549834
35,Sunday,person,0.549834
35,Sunday,person,0.28905
35,Sunday,person,0.310026
35,Sunday,person,0.524979
35,Sunday,person,0.354344
35,Sunday,person,0.475021
36,Sunday,person,0.524979
36,Sunday,person,0.785835
36,Sunday,person,0.845535
36,Sunday,person,0.75026
36,Sunday,person,0.524979
36,Sunday,person,0.450166
36,Sunday,person,0.731059
36,Sunday,person,0.598688
36,Sunday,person,0.401312
37,Sunday,person,0.930862
37,Sunday,person,0.998167
37,Sunday,person,0.377541
37,Sunday,person,0.354344
37,Sunday,person,0.401312
37,Sunday,person,0.331812
37,Sunday,person,0.377541
37,Sunday,person,0.401312
37,Sunday,person,0.377541
37,Sunday,person,0.331812
38,Sunday,person,0.574443
38,Sunday,person,0.524979
38,Sunday,person,0.310026
39,Sunday,person,0.998887
39,Sunday,person,0.475021
39,Sunday,person,0.5
39,Sunday,person,0.549834
39,Sunday,person,0.5
40,Sunday,person,0.645656
40,Sunday,person,0.310026
40,Sunday,person,0.710949
40,Sunday,person,0.731059
41,Sunday,person,0.450166
41,Sunday,person,0.331812
41,Sunday,person,0.990987
42,Sunday,person,0.999325
42,Sunday,person,0.731059
42,Sunday,person,0.802184
42,Sunday,person,0.802184
42,Sunday,person,0.970688
42,Sunday,person,0.890903
42,Sunday,person,0.960834
42,Sunday,person,0.995504
42,Sunday,person,0.960834
42,Sunday,person,0.956893
42,Sunday,person,0.858149
42,Sunday,person,0.997527
42,Sunday,person,0.986613
42,Sunday,person,0.975873
42,Sunday,person,0.832018
43,Sunday,person,0.869892
43,Sunday,person,0.858149
43,Sunday,person,0.997975
43,Sunday,person,0.916827
43,Sunday,person,0.890903
43,Sunday,person,0.995033
43,Sunday,person,0.908877
47,Sunday,person,0.999629
47,Sunday,person,0.817574
47,Sunday,person,0.377541
47,Sunday,person,0.710949
47,Sunday,person,0.331812
49,Sunday,person,0.401312
49,Sunday,person,0.890903
49,Sunday,person,0.916827
49,Sunday,person,0.524979
50,Sunday,person,0.817574
50,Sunday,person,0.354344
50,Sunday,person,0.331812
50,Sunday,person,0.645656
50,Sunday,person,0.916827
50,Sunday,person,0.310026
50,Sunday,person,0.377541
50,Sunday,person,0.930862
50,Sunday,person,0.858149
51,Sunday,person,0.331812
51,Sunday,person,0.5
51,Sunday,person,0.991837
51,Sunday,person,0.999176
51,Sunday,person,0.354344
51,Sunday,person,0.622459
52,Sunday,person,0.5
52,Sunday,person,0.425557
53,Sunday,person,0.668188
53,Sunday,person,0.524979
53,Sunday,person,0.645656
54,Sunday,person,0.598688
54,Sunday,person,0.28905
54,Sunday,person,0.401312
55,Sunday,person,0.377541
55,Sunday,person,0.997268
55,Sunday,person,0.999447
55,Sunday,person,0.450166
55,Sunday,person,0.354344
56,Sunday,person,0.354344
56,Sunday,person,0.331812
56,Sunday,person,0.268941
56,Sunday,person,0.268941
57,Sunday,person,0.996982
57,Sunday,person,0.98016
57,Sunday,person,0.268941
57,Sunday,person,0.999176
58,Sunday,person,0.75026
58,Sunday,person,0.999447
58,Sunday,person,0.990987
58,Sunday,person,0.998167
58,Sunday,person,0.999176
58,Sunday,person,0.998887
58,Sunday,person,0.268941
59,Sunday,person,0.999325
59,Sunday,person,0.999254
59,Sunday,person,0.999447
59,Sunday,person,0.475021
59,Sunday,person,0.598688
61,Sunday,person,0.475021
61,Sunday,person,0.956893
61,Sunday,person,0.401312
61,Sunday,person,0.731059
62,Sunday,person,0.645656
62,Sunday,person,0.997762
62,Sunday,person,0.5
62,Sunday,person,0.996665
62,Sunday,person,0.999325
62,Sunday,person,0.5
62,Sunday,person,0.817574
62,Sunday,person,0.425557
63,Sunday,person,0.268941
63,Sunday,person,0.817574
63,Sunday,person,0.998771
63,Sunday,person,0.997268
63,Sunday,person,0.999176
63,Sunday,person,0.999254
63,Sunday,person,0.574443
64,Sunday,person,0.450166
64,Sunday,person,0.817574
64,Sunday,person,0.28905
68,Sunday,person,0.997975
70,Sunday,person,0.268941
70,Sunday,person,0.28905
72,Sunday,person,0.331812
72,Sunday,person,0.75026
72,Sunday,person,0.996982
72,Sunday,person,0.880797
72,Sunday,person,0.999089
72,Sunday,person,0.598688
72,Sunday,person,0.858149
72,Sunday,person,0.549834
72,Sunday,person,0.668188
73,Sunday,person,0.845535
73,Sunday,person,0.5
73,Sunday,person,0.993307
74,Sunday,person,0.998341
75,Sunday,person,0.997975
76,Sunday,person,0.354344
76,Sunday,person,0.845535
76,Sunday,person,0.377541
76,Sunday,person,0.731059
76,Sunday,person,0.970688
77,Sunday,person,0.549834
77,Sunday,person,0.354344
77,Sunday,person,0.268941
77,Sunday,person,0.354344
77,Sunday,person,0.668188
77,Sunday,person,0.549834
77,Sunday,person,0.802184
79,Sunday,person,0.28905
79,Sunday,person,0.354344
80,Sunday,person,0.785835
80,Sunday,person,0.731059
80,Sunday,person,0.401312
80,Sunday,person,0.75026
80,Sunday,person,0.942676
80,Sunday,person,0.574443
80,Sunday,person,0.549834
81,Sunday,person,0.354344
81,Sunday,person,0.817574
81,Sunday,person,0.768525
81,Sunday,person,0.845535
81,Sunday,person,0.999089
81,Sunday,person,0.425557
82,Sunday,person,0.880797
82,Sunday,person,0.524979
82,Sunday,person,0.331812
82,Sunday,person,0.995033
82,Sunday,person,0.985226
83,Sunday,person,0.475021
83,Sunday,person,0.377541
85,Sunday,person,0.993307
88,Sunday,person,0.549834
28,Monday,person,0.997527
28,Monday,person,0.937027
29,Monday,person,0.668188
29,Monday,person,0.450166
29,Monday,person,0.731059
29,Monday,person,0.845535
29,Monday,person,0.991837
29,Monday,person,0.998993
29,Monday,person,0.645656
29,Monday,person,0.5
29,Monday,person,0.785835
30,Monday,person,0.997527
30,Monday,person,0.998771
30,Monday,person,0.425557
31,Monday,person,0.28905
31,Monday,person,0.28905
31,Monday,person,0.331812
32,Monday,person,0.549834
32,Monday,person,0.28905
32,Monday,person,0.880797
32,Monday,person,0.598688
32,Monday,person,0.425557
33,Monday,person,0.377541
33,Monday,person,0.475021
36,Monday,person,0.952574
38,Monday,person,0.475021
38,Monday,person,0.28905
38,Monday,person,0.450166
38,Monday,person,0.425557
39,Monday,person,0.549834
40,Monday,person,0.28905
42,Monday,person,0.549834
43,Monday,person,0.310026
43,Monday,person,0.377541
43,Monday,person,0.401312
43,Monday,person,0.354344
43,Monday,person,0.598688
43,Monday,person,0.622459
43,Monday,person,0.5
49,Monday,person,0.947846
50,Monday,person,0.354344
51,Monday,person,0.998167
55,Monday,person,0.999254
56,Monday,person,0.28905
56,Monday,person,0.996316
57,Monday,person,0.996316
57,Monday,person,0.999089
57,Monday,person,0.5
61,Monday,person,0.998499
61,Monday,person,0.425557
63,Monday,person,0.986613
63,Monday,person,0.28905
63,Monday,person,0.28905
64,Monday,person,0.28905
64,Monday,person,0.75026
65,Monday,person,0.998993
65,Monday,person,0.28905
65,Monday,person,0.331812
65,Monday,person,0.425557
65,Monday,person,0.598688
65,Monday,person,0.475021
65,Monday,person,0.98016
65,Monday,person,0.354344
65,Monday,person,0.998641
66,Monday,person,0.331812
66,Monday,person,0.450166
66,Monday,person,0.331812
66,Monday,person,0.995033
67,Monday,person,0.998993
71,Monday,person,0.908877
71,Monday,person,0.377541
71,Monday,person,0.425557
72,Monday,person,0.28905
72,Monday,person,0.75026
72,Monday,person,0.377541
73,Monday,person,0.947846
73,Monday,person,0.645656
73,Monday,person,0.983697
73,Monday,person,0.900249
73,Monday,person,0.549834
74,Monday,person,0.970688
74,Monday,person,0.916827
74,Monday,person,0.916827
74,Monday,person,0.937027
74,Monday,person,0.524979
74,Monday,person,0.942676
74,Monday,person,0.890903
75,Monday,person,0.5
75,Monday,person,0.354344
76,Monday,person,0.998341
77,Monday,person,0.331812
84,Monday,person,0.377541
87,Monday,person,0.475021
87,Monday,person,0.991837
88,Monday,person,0.354344
88,Monday,person,0.524979
88,Monday,person,0.858149
88,Monday,person,0.956893
89,Monday,person,0.377541
89,Monday,person,0.998771
89,Monday,person,0.401312
89,Monday,person,0.354344
90,Monday,person,0.377541
90,Monday,person,0.377541
90,Monday,person,0.354344
90,Monday,person,0.524979
90,Monday,person,0.574443
90,Monday,person,0.401312
90,Monday,person,0.967705
90,Monday,person,0.331812
90,Monday,person,0.401312
90,Monday,person,0.817574
90,Monday,person,0.310026
90,Monday,person,0.310026
90,Monday,person,0.598688
91,Monday,person,0.377541
91,Monday,person,0.310026
93,Monday,person,0.28905
95,Monday,person,0.858149
25,Tuesday,person,0.331812
27,Tuesday,person,0.990987
28,Tuesday,person,0.450166
28,Tuesday,person,0.268941
28,Tuesday,person,0.689974
29,Tuesday,person,0.916827
29,Tuesday,person,0.817574
29,Tuesday,person,0.549834
29,Tuesday,person,0.99394
29,Tuesday,person,0.924142
29,Tuesday,person,0.354344
30,Tuesday,person,0.450166
30,Tuesday,person,0.845535
30,Tuesday,person,0.401312
30,Tuesday,person,0.997975
32,Tuesday,person,0.75026
32,Tuesday,person,0.785835
32,Tuesday,person,0.310026
33,Tuesday,person,0.574443
33,Tuesday,person,0.858149
33,Tuesday,person,0.710949
33,Tuesday,person,0.817574
33,Tuesday,person,0.880797
33,Tuesday,person,0.98016
33,Tuesday,person,0.268941
33,Tuesday,person,0.98016
33,Tuesday,person,0.574443
33,Tuesday,person,0.768525
33,Tuesday,person,0.475021
33,Tuesday,person,0.574443
34,Tuesday,person,0.598688
34,Tuesday,person,0.802184
35,Tuesday,person,0.450166
35,Tuesday,person,0.598688
35,Tuesday,person,0.310026
36,Tuesday,person,0.524979
36,Tuesday,person,0.98016
36,Tuesday,person,0.975873
36,Tuesday,person,0.5
36,Tuesday,person,0.985226
37,Tuesday,person,0.99593
38,Tuesday,person,0.993307
38,Tuesday,person,0.845535
41,Tuesday,person,0.956893
44,Tuesday,person,0.731059
44,Tuesday,person,0.622459
44,Tuesday,person,0.817574
44,Tuesday,person,0.845535
45,Tuesday,person,0.622459
50,Tuesday,person,0.768525
50,Tuesday,person,0.450166
50,Tuesday,person,0.689974
50,Tuesday,person,0.668188
50,Tuesday,person,0.710949
50,Tuesday,person,0.998167
50,Tuesday,person,0.983697
50,Tuesday,person,0.425557
50,Tuesday,person,0.731059
50,Tuesday,person,0.75026
50,Tuesday,person,0.785835
50,Tuesday,person,0.908877
50,Tuesday,person,0.802184
50,Tuesday,person,0.731059
50,Tuesday,person,0.768525
50,Tuesday,person,0.908877
51,Tuesday,person,0.998887
57,Tuesday,person,0.998341
57,Tuesday,person,0.998771
68,Tuesday,person,0.997762
69,Tuesday,person,0.997268
70,Tuesday,person,0.668188
70,Tuesday,person,0.880797
70,Tuesday,person,0.622459
70,Tuesday,person,0.668188
71,Tuesday,person,0.331812
71,Tuesday,person,0.268941
71,Tuesday,person,0.802184
71,Tuesday,person,0.964429
72,Tuesday,person,0.973403
72,Tuesday,person,0.549834
73,Tuesday,person,0.598688
73,Tuesday,person,0.908877
73,Tuesday,person,0.998771
73,Tuesday,person,0.986613
73,Tuesday,person,0.574443
73,Tuesday,person,0.574443
73,Tuesday,person,0.689974
74,Tuesday,person,0.960834
74,Tuesday,person,0.832018
74,Tuesday,person,0.937027
74,Tuesday,person,0.802184
74,Tuesday,person,0.916827
74,Tuesday,person,0.98016
75,Tuesday,person,0.645656
75,Tuesday,person,0.989013
75,Tuesday,person,0.817574
75,Tuesday,person,0.947846
75,Tuesday,person,0.964429
76,Tuesday,person,0.710949
76,Tuesday,person,0.817574
76,Tuesday,person,0.668188
76,Tuesday,person,0.937027
76,Tuesday,person,0.425557
76,Tuesday,person,0.524979
76,Tuesday,person,0.598688
76,Tuesday,person,0.524979
76,Tuesday,person,0.645656
76,Tuesday,person,0.908877
76,Tuesday,person,0.768525
76,Tuesday,person,0.645656
77,Tuesday,person,0.574443
77,Tuesday,person,0.998641
77,Tuesday,person,0.549834
77,Tuesday,person,0.956893
77,Tuesday,person,0.768525
78,Tuesday,person,0.908877
78,Tuesday,person,0.574443
78,Tuesday,person,0.768525
78,Tuesday,person,0.832018
78,Tuesday,person,0.731059
78,Tuesday,person,0.450166
78,Tuesday,person,0.900249
79,Tuesday,person,0.5
79,Tuesday,person,0.549834
79,Tuesday,person,0.973403
79,Tuesday,person,0.524979
79,Tuesday,person,0.28905
79,Tuesday,person,0.331812
79,Tuesday,person,0.549834
80,Tuesday,person,0.377541
80,Tuesday,person,0.310026
80,Tuesday,person,0.450166
80,Tuesday,person,0.598688
81,Tuesday,person,0.998499
81,Tuesday,person,0.331812
83,Tuesday,person,0.354344
85,Tuesday,person,0.908877
86,Tuesday,person,0.377541
86,Tuesday,person,0.425557
86,Tuesday,person,0.5
86,Tuesday,person,0.689974
86,Tuesday,person,0.354344
86,Tuesday,person,0.268941
87,Tuesday,person,0.916827
88,Tuesday,person,0.802184
89,Tuesday,person,0.858149
90,Tuesday,person,0.450166
24,Wednesday,person,0.268941
27,Wednesday,person,0.998993
27,Wednesday,person,0.425557
27,Wednesday,person,0.989013
27,Wednesday,person,0.998771
27,Wednesday,person,0.930862
27,Wednesday,person,0.450166
27,Wednesday,person,0.999176
28,Wednesday,person,0.985226
28,Wednesday,person,0.924142
28,Wednesday,person,0.354344
28,Wednesday,person,0.924142
28,Wednesday,person,0.75026
28,Wednesday,person,0.710949
28,Wednesday,person,0.768525
28,Wednesday,person,0.524979
28,Wednesday,person,0.425557
28,Wednesday,person,0.598688
28,Wednesday,person,0.869892
28,Wednesday,person,0.331812
28,Wednesday,person,0.845535
28,Wednesday,person,0.28905
28,Wednesday,person,0.310026
29,Wednesday,person,0.268941
29,Wednesday,person,0.401312
29,Wednesday,person,0.598688
29,Wednesday,person,0.99593
29,Wednesday,person,0.622459
29,Wednesday,person,0.331812
29,Wednesday,person,0.28905
29,Wednesday,person,0.996982
30,Wednesday,person,0.475021
30,Wednesday,person,0.331812
30,Wednesday,person,0.598688
30,Wednesday,person,0.689974
30,Wednesday,person,0.5
30,Wednesday,person,0.354344
31,Wednesday,person,0.524979
31,Wednesday,person,0.331812
31,Wednesday,person,0.377541
31,Wednesday,person,0.549834
32,Wednesday,person,0.268941
32,Wednesday,person,0.268941
33,Wednesday,person,0.75026
34,Wednesday,person,0.377541
34,Wednesday,person,0.28905
34,Wednesday,person,0.268941
34,Wednesday,person,0.268941
34,Wednesday,person,0.331812
35,Wednesday,person,0.475021
35,Wednesday,person,0.310026
35,Wednesday,person,0.598688
35,Wednesday,person,0.450166
35,Wednesday,person,0.549834
36,Wednesday,person,0.832018
36,Wednesday,person,0.942676
36,Wednesday,person,0.880797
36,Wednesday,person,0.978119
36,Wednesday,person,0.832018
36,Wednesday,person,0.9995
36,Wednesday,person,0.28905
36,Wednesday,person,0.978119
36,Wednesday,person,0.668188
36,Wednesday,person,0.622459
37,Wednesday,person,0.908877
37,Wednesday,person,0.645656
37,Wednesday,person,0.802184
37,Wednesday,person,0.598688
37,Wednesday,person,0.310026
37,Wednesday,person,0.549834
37,Wednesday,person,0.960834
37,Wednesday,person,0.970688
37,Wednesday,person,0.731059
37,Wednesday,person,0.924142
37,Wednesday,person,0.937027
37,Wednesday,person,0.710949
37,Wednesday,person,0.916827
37,Wednesday,person,0.689974
37,Wednesday,person,0.622459
37,Wednesday,person,0.377541
38,Wednesday,person,0.997527
38,Wednesday,person,0.425557
38,Wednesday,person,0.956893
39,Wednesday,person,0.354344
39,Wednesday,person,0.450166
41,Wednesday,person,0.425557
41,Wednesday,person,0.268941
53,Wednesday,person,0.28905
53,Wednesday,person,0.268941
53,Wednesday,person,0.310026
56,Wednesday,person,0.982014
56,Wednesday,person,0.785835
56,Wednesday,person,0.942676
56,Wednesday,person,0.5
57,Wednesday,person,0.268941
57,Wednesday,person,0.645656
57,Wednesday,person,0.908877
57,Wednesday,person,0.354344
62,Wednesday,person,0.999389
63,Wednesday,person,0.331812
64,Wednesday,person,0.710949
64,Wednesday,person,0.549834
64,Wednesday,person,0.28905
64,Wednesday,person,0.401312
64,Wednesday,person,0.28905
64,Wednesday,person,0.28905
64,Wednesday,person,0.450166
64,Wednesday,person,0.999325
64,Wednesday,person,0.845535
64,Wednesday,person,0.890903
65,Wednesday,person,0.845535
65,Wednesday,person,0.574443
65,Wednesday,person,0.549834
65,Wednesday,person,0.785835
65,Wednesday,person,0.450166
65,Wednesday,person,0.998167
65,Wednesday,person,0.869892
65,Wednesday,person,0.970688
65,Wednesday,person,0.768525
65,Wednesday,person,0.960834
65,Wednesday,person,0.28905
65,Wednesday,person,0.331812
65,Wednesday,person,0.967705
66,Wednesday,person,0.268941
67,Wednesday,person,0.28905
67,Wednesday,person,0.996316
67,Wednesday,person,0.549834
67,Wednesday,person,0.574443
67,Wednesday,person,0.768525
67,Wednesday,person,0.331812
67,Wednesday,person,0.28905
68,Wednesday,person,0.952574
68,Wednesday,person,0.802184
68,Wednesday,person,0.989013
68,Wednesday,person,0.983697
68,Wednesday,person,0.930862
68,Wednesday,person,0.924142
68,Wednesday,person,0.956893
68,Wednesday,person,0.956893
68,Wednesday,person,0.998993
68,Wednesday,person,0.916827
68,Wednesday,person,0.991837
68,Wednesday,person,0.832018
68,Wednesday,person,0.549834
69,Wednesday,person,0.930862
69,Wednesday,person,0.998771
69,Wednesday,person,0.994514
69,Wednesday,person,0.930862
69,Wednesday,person,0.75026
69,Wednesday,person,0.710949
69,Wednesday,person,0.598688
69,Wednesday,person,0.598688
69,Wednesday,person,0.574443
69,Wednesday,person,0.5
69,Wednesday,person,0.731059
69,Wednesday,person,0.268941
69,Wednesday,person,0.987872
69,Wednesday,person,0.937027
69,Wednesday,person,0.978119
70,Wednesday,person,0.817574
70,Wednesday,person,0.998499
70,Wednesday,person,0.645656
70,Wednesday,person,0.970688
70,Wednesday,person,0.998993
70,Wednesday,person,0.524979
70,Wednesday,person,0.960834
70,Wednesday,person,0.731059
70,Wednesday,person,0.999389
70,Wednesday,person,0.858149
71,Wednesday,person,0.916827
71,Wednesday,person,0.450166
71,Wednesday,person,0.997975
72,Wednesday,person,0.268941
72,Wednesday,person,0.832018
73,Wednesday,person,0.425557
73,Wednesday,person,0.5
75,Wednesday,person,0.425557
75,Wednesday,person,0.331812
75,Wednesday,person,0.310026
75,Wednesday,person,0.268941
75,Wednesday,person,0.622459
76,Wednesday,person,0.524979
76,Wednesday,person,0.858149
76,Wednesday,person,0.331812
78,Wednesday,person,0.598688
81,Wednesday,person,0.268941
82,Wednesday,person,0.310026
82,Wednesday,person,0.475021
83,Wednesday,person,0.310026
84,Wednesday,person,0.331812
84,Wednesday,person,0.622459
3,Thursday,person,0.310026
26,Thursday,person,0.425557
27,Thursday,person,0.450166
28,Thursday,person,0.622459
28,Thursday,person,0.425557
28,Thursday,person,0.998887
28,Thursday,person,0.475021
29,Thursday,person,0.930862
29,Thursday,person,0.960834
29,Thursday,person,0.985226
29,Thursday,person,0.574443
29,Thursday,person,0.999629
29,Thursday,person,0.973403
29,Thursday,person,0.668188
29,Thursday,person,0.268941
32,Thursday,person,0.880797
39,Thursday,person,0.916827
40,Thursday,person,0.401312
41,Thursday,person,0.331812
42,Thursday,person,0.598688
42,Thursday,person,0.268941
42,Thursday,person,0.377541
42,Thursday,person,0.5
42,Thursday,person,0.310026
43,Thursday,person,0.28905
43,Thursday,person,0.28905
43,Thursday,person,0.331812
44,Thursday,person,0.999447
44,Thursday,person,0.598688
44,Thursday,person,0.475021
44,Thursday,person,0.425557
44,Thursday,person,0.268941
44,Thursday,person,0.668188
44,Thursday,person,0.475021
44,Thursday,person,0.731059
44,Thursday,person,0.354344
45,Thursday,person,0.268941
46,Thursday,person,0.268941
54,Thursday,person,0.310026
54,Thursday,person,0.331812
59,Thursday,person,0.377541
59,Thursday,person,0.310026
60,Thursday,person,0.401312
60,Thursday,person,0.310026
63,Thursday,person,0.377541
63,Thursday,person,0.310026
63,Thursday,person,0.401312
63,Thursday,person,0.450166
64,Thursday,person,0.354344
64,Thursday,person,0.869892
64,Thursday,person,0.710949
64,Thursday,person,0.689974
64,Thursday,person,0.354344
64,Thursday,person,0.354344
64,Thursday,person,0.992608
65,Thursday,person,0.310026
65,Thursday,person,0.331812
65,Thursday,person,0.310026
66,Thursday,person,0.28905
66,Thursday,person,0.310026
66,Thursday,person,0.999447
67,Thursday,person,0.645656
67,Thursday,person,0.731059
67,Thursday,person,0.310026
69,Thursday,person,0.970688
69,Thursday,person,0.967705
70,Thursday,person,0.869892
70,Thursday,person,0.268941
70,Thursday,person,0.990048
71,Thursday,person,0.668188
71,Thursday,person,0.28905
71,Thursday,person,0.268941
71,Thursday,person,0.5
71,Thursday,person,0.331812
71,Thursday,person,0.268941
71,Thursday,person,0.549834
71,Thursday,person,0.425557
71,Thursday,person,0.967705
72,Thursday,person,0.354344
72,Thursday,person,0.930862
72,Thursday,person,0.645656
72,Thursday,person,0.450166
72,Thursday,person,0.310026
72,Thursday,person,0.401312
72,Thursday,person,0.574443
72,Thursday,person,0.524979
72,Thursday,person,0.331812
72,Thursday,person,0.5
72,Thursday,person,0.354344
72,Thursday,person,0.401312
72,Thursday,person,0.99593
73,Thursday,person,0.450166
73,Thursday,person,0.990048
73,Thursday,person,0.997975
73,Thursday,person,0.524979
73,Thursday,person,0.549834
74,Thursday,person,0.987872
74,Thursday,person,0.967705
74,Thursday,person,0.475021
74,Thursday,person,0.978119
74,Thursday,person,0.908877
74,Thursday,person,0.998499
74,Thursday,person,0.622459
74,Thursday,person,0.5
74,Thursday,person,0.310026
75,Thursday,person,0.331812
75,Thursday,person,0.5
75,Thursday,person,0.645656
75,Thursday,person,0.990048
75,Thursday,person,0.425557
77,Thursday,person,0.524979
77,Thursday,person,0.785835
77,Thursday,person,0.622459
77,Thursday,person,0.598688
77,Thursday,person,0.622459
77,Thursday,person,0.942676
78,Thursday,person,0.310026
78,Thursday,person,0.668188
78,Thursday,person,0.401312
78,Thursday,person,0.869892
78,Thursday,person,0.331812
79,Thursday,person,0.987872
79,Thursday,person,0.942676
79,Thursday,person,0.450166
79,Thursday,person,0.310026
80,Thursday,person,0.845535
80,Thursday,person,0.28905
80,Thursday,person,0.817574
80,Thursday,person,0.689974
80,Thursday,person,0.331812
80,Thursday,person,0.28905
81,Thursday,person,0.475021
81,Thursday,person,0.28905
81,Thursday,person,0.425557
81,Thursday,person,0.5
81,Thursday,person,0.354344
81,Thursday,person,0.964429
81,Thursday,person,0.908877
81,Thursday,person,0.964429
81,Thursday,person,0.450166
81,Thursday,person,0.975873
82,Thursday,person,0.377541
82,Thursday,person,0.401312
82,Thursday,person,0.75026
82,Thursday,person,0.331812
82,Thursday,person,0.524979
83,Thursday,person,0.900249
86,Thursday,person,0.845535
86,Thursday,person,0.937027
86,Thursday,person,0.994514
87,Thursday,person,0.768525
87,Thursday,person,0.331812
87,Thursday,person,0.973403
87,Thursday,person,0.28905
92,Thursday,person,0.310026
26,Friday,person,0.331812
26,Friday,person,0.999389
28,Friday,person,0.28905
28,Friday,person,0.549834
28,Friday,person,0.983697
28,Friday,person,0.908877
28,Friday,person,0.475021
28,Friday,person,0.890903
28,Friday,person,0.377541
29,Friday,person,0.524979
29,Friday,person,0.574443
29,Friday,person,0.450166
29,Friday,person,0.524979
29,Friday,person,0.5
29,Friday,person,0.768525
30,Friday,person,0.28905
30,Friday,person,0.28905
31,Friday,person,0.28905
31,Friday,person,0.331812
31,Friday,person,0.982014
31,Friday,person,0.75026
32,Friday,person,0.832018
32,Friday,person,0.354344
32,Friday,person,0.5
33,Friday,person,0.310026
34,Friday,person,0.425557
34,Friday,person,0.28905
35,Friday,person,0.310026
35,Friday,person,0.331812
38,Friday,person,0.998887
40,Friday,person,0.28905
40,Friday,person,0.450166
40,Friday,person,0.549834
40,Friday,person,0.574443
40,Friday,person,0.28905
40,Friday,person,0.425557
43,Friday,person,0.425557
43,Friday,person,0.310026
43,Friday,person,0.956893
44,Friday,person,0.985226
44,Friday,person,0.401312
46,Friday,person,0.924142
46,Friday,person,0.310026
56,Friday,person,0.598688
56,Friday,person,0.268941
60,Friday,person,0.310026
62,Friday,person,0.354344
64,Friday,person,0.999447
65,Friday,person,0.28905
65,Friday,person,0.75026
66,Friday,person,0.937027
67,Friday,person,0.645656
67,Friday,person,0.645656
67,Friday,person,0.549834
67,Friday,person,0.890903
67,Friday,person,0.425557
67,Friday,person,0.354344
67,Friday,person,0.802184
67,Friday,person,0.900249
68,Friday,person,0.668188
68,Friday,person,0.768525
68,Friday,person,0.475021
68,Friday,person,0.450166
68,Friday,person,0.450166
68,Friday,person,0.28905
68,Friday,person,0.475021
68,Friday,person,0.310026
68,Friday,person,0.598688
69,Friday,person,0.354344
69,Friday,person,0.645656
70,Friday,person,0.377541
70,Friday,person,0.450166
70,Friday,person,0.450166
70,Friday,person,0.985226
71,Friday,person,0.310026
72,Friday,person,0.310026
74,Friday,person,0.524979
74,Friday,person,0.425557
84,Friday,person,0.268941
84,Friday,person,0.310026
86,Friday,person,0.549834
86,Friday,person,0.731059
93,Friday,person,0.310026
93,Friday,person,0.930862
21,Saturday,person,0.331812
29,Saturday,person,0.997975
29,Saturday,person,0.331812
29,Saturday,person,0.354344
30,Saturday,person,0.999389
32,Saturday,person,0.377541
32,Saturday,person,0.28905
33,Saturday,person,0.310026
36,Saturday,person,0.377541
38,Saturday,person,0.310026
40,Saturday,person,0.450166
40,Saturday,person,0.268941
40,Saturday,person,0.994514
41,Saturday,person,0.268941
42,Saturday,person,0.999389
43,Saturday,person,0.970688
44,Saturday,person,0.354344
44,Saturday,person,0.710949
44,Saturday,person,0.475021
44,Saturday,person,0.900249
45,Saturday,person,0.354344
45,Saturday,person,0.425557
45,Saturday,person,0.401312
45,Saturday,person,0.475021
45,Saturday,person,0.377541
45,Saturday,person,0.689974
46,Saturday,person,0.268941
46,Saturday,person,0.310026
46,Saturday,person,0.354344
46,Saturday,person,0.998167
46,Saturday,person,0.99593
46,Saturday,person,0.999389
47,Saturday,person,0.99593
47,Saturday,person,0.5
47,Saturday,person,0.996665
47,Saturday,person,0.956893
47,Saturday,person,0.869892
48,Saturday,person,0.524979
48,Saturday,person,0.858149
48,Saturday,person,0.574443
48,Saturday,person,0.996316
48,Saturday,person,0.268941
48,Saturday,person,0.731059
48,Saturday,person,0.268941
48,Saturday,person,0.354344
48,Saturday,person,0.622459
48,Saturday,person,0.401312
49,Saturday,person,0.268941
49,Saturday,person,0.978119
49,Saturday,person,0.549834
49,Saturday,person,0.978119
50,Saturday,person,0.978119
50,Saturday,person,0.475021
50,Saturday,person,0.524979
50,Saturday,person,0.668188
50,Saturday,person,0.401312
50,Saturday,person,0.310026
50,Saturday,person,0.450166
50,Saturday,person,0.331812
50,Saturday,person,0.817574
50,Saturday,person,0.377541
50,Saturday,person,0.377541
50,Saturday,person,0.331812
50,Saturday,person,0.310026
50,Saturday,person,0.524979
51,Saturday,person,0.998641
51,Saturday,person,0.999089
51,Saturday,person,0.310026
51,Saturday,person,0.998993
51,Saturday,person,0.28905
51,Saturday,person,0.450166
51,Saturday,person,0.450166
51,Saturday,person,0.475021
51,Saturday,person,0.310026
51,Saturday,person,0.310026
52,Saturday,person,0.450166
52,Saturday,person,0.401312
52,Saturday,person,0.450166
52,Saturday,person,0.689974
52,Saturday,person,0.5
52,Saturday,person,0.377541
52,Saturday,person,0.377541
52,Saturday,person,0.377541
52,Saturday,person,0.645656
52,Saturday,person,0.574443
52,Saturday,person,0.331812
53,Saturday,person,0.731059
53,Saturday,person,0.817574
53,Saturday,person,0.377541
53,Saturday,person,0.947846
54,Saturday,person,0.268941
55,Saturday,person,0.401312
57,Saturday,person,0.331812
58,Saturday,person,0.310026
58,Saturday,person,0.28905
58,Saturday,person,0.401312
58,Saturday,person,0.998771
58,Saturday,person,0.475021
58,Saturday,person,0.990987
58,Saturday,person,0.947846
58,Saturday,person,0.858149
58,Saturday,person,0.450166
59,Saturday,person,0.845535
59,Saturday,person,0.450166
59,Saturday,person,0.401312
59,Saturday,person,0.689974
60,Saturday,person,0.331812
60,Saturday,person,0.5
60,Saturday,person,0.5
60,Saturday,person,0.475021
60,Saturday,person,0.377541
60,Saturday,person,0.598688
60,Saturday,person,0.622459
60,Saturday,person,0.622459
60,Saturday,person,0.475021
60,Saturday,person,0.268941
60,Saturday,person,0.998887
60,Saturday,person,0.377541
60,Saturday,person,0.331812
60,Saturday,person,0.310026
60,Saturday,person,0.268941
61,Saturday,person,0.689974
61,Saturday,person,0.28905
62,Saturday,person,0.731059
62,Saturday,person,0.331812
62,Saturday,person,0.354344
64,Saturday,person,0.331812
64,Saturday,person,0.549834
65,Saturday,person,0.475021
65,Saturday,person,0.268941
65,Saturday,person,0.845535
66,Saturday,person,0.524979
66,Saturday,person,0.997527
66,Saturday,person,0.377541
66,Saturday,person,0.997268
66,Saturday,person,0.964429
66,Saturday,person,0.982014
66,Saturday,person,0.710949
66,Saturday,person,0.924142
66,Saturday,person,0.960834
66,Saturday,person,0.880797
66,Saturday,person,0.999089
67,Saturday,person,0.952574
67,Saturday,person,0.987872
67,Saturday,person,0.354344
67,Saturday,person,0.354344
67,Saturday,person,0.916827
68,Saturday,person,0.890903
68,Saturday,person,0.985226
68,Saturday,person,0.992608
68,Saturday,person,0.785835
68,Saturday,person,0.450166
68,Saturday,person,0.268941
68,Saturday,person,0.268941
68,Saturday,person,0.930862
68,Saturday,person,0.817574
68,Saturday,person,0.268941
69,Saturday,person,0.622459
69,Saturday,person,0.310026
69,Saturday,person,0.982014
69,Saturday,person,0.731059
69,Saturday,person,0.973403
70,Saturday,person,0.710949
70,Saturday,person,0.645656
70,Saturday,person,0.985226
70,Saturday,person,0.817574
70,Saturday,person,0.331812
70,Saturday,person,0.450166
70,Saturday,person,0.731059
70,Saturday,person,0.960834
71,Saturday,person,0.768525
71,Saturday,person,0.524979
71,Saturday,person,0.978119
71,Saturday,person,0.425557
71,Saturday,person,0.985226
71,Saturday,person,0.549834
71,Saturday,person,0.998499
71,Saturday,person,0.970688
71,Saturday,person,0.710949
72,Saturday,person,0.310026
72,Saturday,person,0.832018
72,Saturday,person,0.845535
73,Saturday,person,0.331812
74,Saturday,person,0.425557
74,Saturday,person,0.268941
74,Saturday,person,0.425557
74,Saturday,person,0.937027
75,Saturday,person,0.524979
75,Saturday,person,0.995033
75,Saturday,person,0.858149
75,Saturday,person,0.425557
75,Saturday,person,0.645656
76,Saturday,person,0.960834
76,Saturday,person,0.956893
76,Saturday,person,0.5
77,Saturday,person,0.549834
77,Saturday,person,0.354344
78,Saturday,person,0.28905
79,Saturday,person,0.710949
79,Saturday,person,0.768525
79,Saturday,person,0.645656
79,Saturday,person,0.952574
79,Saturday,person,0.802184
79,Saturday,person,0.942676
79,Saturday,person,0.989013
79,Saturday,person,0.768525
79,Saturday,person,0.401312
79,Saturday,person,0.995033
79,Saturday,person,0.450166
79,Saturday,person,0.5
79,Saturday,person,0.817574
80,Saturday,person,0.475021
80,Saturday,person,0.401312
80,Saturday,person,0.768525
80,Saturday,person,0.377541
80,Saturday,person,0.549834
80,Saturday,person,0.475021
80,Saturday,person,0.331812
80,Saturday,person,0.645656
80,Saturday,person,0.524979
80,Saturday,person,0.99593
81,Saturday,person,0.549834
82,Saturday,person,0.880797
82,Saturday,person,0.817574
82,Saturday,person,0.475021
82,Saturday,person,0.832018
83,Saturday,person,0.450166
83,Saturday,person,0.992608
84,Saturday,person,0.731059
84,Saturday,person,0.28905
84,Saturday,person,0.268941
84,Saturday,person,0.99593
84,Saturday,person,0.425557
84,Saturday,person,0.99593
85,Saturday,person,0.890903
90,Saturday,person,0.524979
91,Saturday,person,0.28905
91,Saturday,person,0.908877
91,Saturday,person,0.450166
91,Saturday,person,0.425557
91,Saturday,person,0.668188
91,Saturday,person,0.622459
92,Saturday,person,0.524979
92,Saturday,person,0.354344
92,Saturday,person,0.785835
0,Sunday,person,0.331812
2,Sunday,person,0.5
4,Sunday,person,0.994514
4,Sunday,person,0.401312
7,Sunday,person,0.310026
19,Sunday,person,0.425557
24,Sunday,person,0.331812
24,Sunday,person,0.817574
25,Sunday,person,0.574443
26,Sunday,person,0.354344
27,Sunday,person,0.310026
27,Sunday,person,0.310026
29,Sunday,person,0.331812
29,Sunday,person,0.331812
29,Sunday,person,0.401312
29,Sunday,person,0.475021
30,Sunday,person,0.331812
30,Sunday,person,0.28905
30,Sunday,person,0.354344
30,Sunday,person,0.268941
30,Sunday,person,0.310026
33,Sunday,person,0.28905
33,Sunday,person,0.310026
34,Sunday,person,0.524979
34,Sunday,person,0.331812
36,Sunday,person,0.900249
36,Sunday,person,0.268941
36,Sunday,person,0.354344
37,Sunday,person,0.331812
37,Sunday,person,0.268941
38,Sunday,person,0.310026
38,Sunday,person,0.28905
38,Sunday,person,0.331812
39,Sunday,person,0.999447
40,Sunday,person,0.28905
40,Sunday,person,0.622459
40,Sunday,person,0.991837
41,Sunday,person,0.28905
41,Sunday,person,0.785835
41,Sunday,person,0.997762
41,Sunday,person,0.845535
42,Sunday,person,0.75026
42,Sunday,person,0.997762
42,Sunday,person,0.425557
42,Sunday,person,0.268941
42,Sunday,person,0.996982
42,Sunday,person,0.354344
42,Sunday,person,0.425557
42,Sunday,person,0.668188
42,Sunday,person,0.475021
42,Sunday,person,0.524979
43,Sunday,person,0.28905
43,Sunday,person,0.28905
44,Sunday,person,0.645656
44,Sunday,person,0.785835
44,Sunday,person,0.982014
44,Sunday,person,0.598688
45,Sunday,person,0.598688
45,Sunday,person,0.964429
46,Sunday,person,0.622459
46,Sunday,person,0.354344
46,Sunday,person,0.524979
46,Sunday,person,0.956893
48,Sunday,person,0.268941
49,Sunday,person,0.986613
50,Sunday,person,0.450166
50,Sunday,person,0.900249
50,Sunday,person,0.5
51,Sunday,person,0.268941
51,Sunday,person,0.331812
51,Sunday,person,0.354344
51,Sunday,person,0.310026
51,Sunday,person,0.924142
51,Sunday,person,0.832018
52,Sunday,person,0.310026
52,Sunday,person,0.785835
52,Sunday,person,0.990048
53,Sunday,person,0.817574
53,Sunday,person,0.710949
53,Sunday,person,0.310026
53,Sunday,person,0.574443
53,Sunday,person,0.475021
53,Sunday,person,0.900249
53,Sunday,person,0.331812
54,Sunday,person,0.549834
54,Sunday,person,0.996316
55,Sunday,person,0.930862
55,Sunday,person,0.598688
55,Sunday,person,0.28905
56,Sunday,person,0.574443
56,Sunday,person,0.377541
56,Sunday,person,0.377541
56,Sunday,person,0.999547
56,Sunday,person,0.28905
57,Sunday,person,0.942676
57,Sunday,person,0.869892
57,Sunday,person,0.858149
57,Sunday,person,0.268941
57,Sunday,person,0.5
57,Sunday,person,0.549834
57,Sunday,person,0.574443
57,Sunday,person,0.268941
58,Sunday,person,0.998993
58,Sunday,person,0.598688
58,Sunday,person,0.28905
58,Sunday,person,0.731059
58,Sunday,person,0.802184
58,Sunday,person,0.982014
58,Sunday,person,0.5
58,Sunday,person,0.832018
58,Sunday,person,0.992608
59,Sunday,person,0.802184
70,Sunday,person,0.549834
70,Sunday,person,0.450166
70,Sunday,person,0.574443
71,Sunday,person,0.5
71,Sunday,person,0.924142
71,Sunday,person,0.310026
71,Sunday,person,0.354344
72,Sunday,person,0.354344
73,Sunday,person,0.574443
73,Sunday,person,0.401312
73,Sunday,person,0.645656
73,Sunday,person,0.354344
74,Sunday,person,0.268941
75,Sunday,person,0.268941
76,Sunday,person,0.993307
76,Sunday,person,0.785835
76,Sunday,person,0.964429
76,Sunday,person,0.377541
76,Sunday,person,0.549834
77,Sunday,person,0.598688
77,Sunday,person,0.75026
77,Sunday,person,0.310026
77,Sunday,person,0.524979
77,Sunday,person,0.549834
77,Sunday,person,0.768525
78,Sunday,person,0.549834
78,Sunday,person,0.5
79,Sunday,person,0.401312
79,Sunday,person,0.401312
80,Sunday,person,0.377541
81,Sunday,person,0.28905
81,Sunday,person,0.331812
81,Sunday,person,0.574443
83,Sunday,person,0.574443
84,Sunday,person,0.890903
85,Sunday,person,0.28905
85,Sunday,person,0.475021
85,Sunday,person,0.475021
86,Sunday,person,0.377541
86,Sunday,person,0.622459
86,Sunday,person,0.450166
88,Sunday,person,0.450166
88,Sunday,person,0.310026
27,Monday,person,0.952574
27,Monday,person,0.268941
28,Monday,person,0.425557
30,Monday,person,0.973403
30,Monday,person,0.998887
32,Monday,person,0.524979
32,Monday,person,0.916827
32,Monday,person,0.98016
33,Monday,person,0.998887
35,Monday,person,0.832018
35,Monday,person,0.425557
35,Monday,person,0.354344
35,Monday,person,0.331812
35,Monday,person,0.354344
35,Monday,person,0.75026
35,Monday,person,0.916827
35,Monday,person,0.622459
35,Monday,person,0.900249
35,Monday,person,0.401312
35,Monday,person,0.952574
36,Monday,person,0.930862
36,Monday,person,0.832018
36,Monday,person,0.598688
36,Monday,person,0.28905
36,Monday,person,0.668188
36,Monday,person,0.524979
36,Monday,person,0.268941
36,Monday,person,0.952574
36,Monday,person,0.999389
36,Monday,person,0.998167
37,Monday,person,0.947846
37,Monday,person,0.997762
37,Monday,person,0.998641
38,Monday,person,0.960834
38,Monday,person,0.998499
38,Monday,person,0.880797
38,Monday,person,0.890903
38,Monday,person,0.999089
38,Monday,person,0.377541
39,Monday,person,0.9995
39,Monday,person,0.998641
44,Monday,person,0.377541
44,Monday,person,0.900249
44,Monday,person,0.987872
45,Monday,person,0.710949
45,Monday,person,0.973403
45,Monday,person,0.689974
45,Monday,person,0.310026
45,Monday,person,0.999089
45,Monday,person,0.937027
45,Monday,person,0.425557
45,Monday,person,0.425557
48,Monday,person,0.5
48,Monday,person,0.99593
48,Monday,person,0.268941
48,Monday,person,0.731059
48,Monday,person,0.310026
48,Monday,person,0.268941
51,Monday,person,0.964429
52,Monday,person,0.524979
54,Monday,person,0.268941
54,Monday,person,0.310026
56,Monday,person,0.908877
56,Monday,person,0.832018
57,Monday,person,0.970688
57,Monday,person,0.973403
57,Monday,person,0.999089
58,Monday,person,0.916827
59,Monday,person,0.268941
59,Monday,person,0.268941
62,Monday,person,0.785835
63,Monday,person,0.999389
64,Monday,person,0.668188
68,Monday,person,0.731059
68,Monday,person,0.598688
68,Monday,person,0.689974
71,Monday,person,0.5
71,Monday,person,0.983697
71,Monday,person,0.858149
72,Monday,person,0.973403
72,Monday,person,0.967705
72,Monday,person,0.990987
72,Monday,person,0.942676
72,Monday,person,0.995033
72,Monday,person,0.992608
72,Monday,person,0.942676
72,Monday,person,0.970688
72,Monday,person,0.937027
72,Monday,person,0.986613
72,Monday,person,0.900249
73,Monday,person,0.99394
73,Monday,person,0.710949
74,Monday,person,0.973403
74,Monday,person,0.689974
74,Monday,person,0.975873
75,Monday,person,0.985226
75,Monday,person,0.401312
75,Monday,person,0.377541
75,Monday,person,0.331812
75,Monday,person,0.268941
77,Monday,person,0.956893
77,Monday,person,0.999389
78,Monday,person,0.331812
80,Monday,person,0.731059
80,Monday,person,0.998771
80,Monday,person,0.998641
80,Monday,person,0.999089
80,Monday,person,0.425557
80,Monday,person,0.995504
80,Monday,person,0.973403
81,Monday,person,0.975873
81,Monday,person,0.994514
81,Monday,person,0.28905
88,Monday,person,0.450166
89,Monday,person,0.5
90,Monday,person,0.310026
92,Monday,person,0.990987
92,Monday,person,0.425557
93,Monday,person,0.310026
28,Tuesday,person,0.5
28,Tuesday,person,0.997527
28,Tuesday,person,0.377541
28,Tuesday,person,0.354344
29,Tuesday,person,0.475021
29,Tuesday,person,0.689974
29,Tuesday,person,0.354344
29,Tuesday,person,0.645656
29,Tuesday,person,0.710949
30,Tuesday,person,0.622459
30,Tuesday,person,0.268941
30,Tuesday,person,0.268941
32,Tuesday,person,0.268941
33,Tuesday,person,0.880797
34,Tuesday,person,0.832018
35,Tuesday,person,0.689974
36,Tuesday,person,0.450166
36,Tuesday,person,0.858149
36,Tuesday,person,0.817574
36,Tuesday,person,0.668188
36,Tuesday,person,0.645656
36,Tuesday,person,0.710949
36,Tuesday,person,0.9995
37,Tuesday,person,0.401312
38,Tuesday,person,0.908877
39,Tuesday,person,0.997762
41,Tuesday,person,0.996982
41,Tuesday,person,0.598688
41,Tuesday,person,0.268941
42,Tuesday,person,0.425557
42,Tuesday,person,0.354344
42,Tuesday,person,0.549834
42,Tuesday,person,0.5
42,Tuesday,person,0.310026
42,Tuesday,person,0.858149
43,Tuesday,person,0.710949
47,Tuesday,person,0.645656
48,Tuesday,person,0.995504
48,Tuesday,person,0.268941
50,Tuesday,person,0.268941
50,Tuesday,person,0.524979
50,Tuesday,person,0.268941
50,Tuesday,person,0.310026
50,Tuesday,person,0.475021
50,Tuesday,person,0.598688
50,Tuesday,person,0.28905
51,Tuesday,person,0.354344
51,Tuesday,person,0.817574
51,Tuesday,person,0.689974
53,Tuesday,person,0.622459
55,Tuesday,person,0.908877
55,Tuesday,person,0.967705
55,Tuesday,person,0.930862
55,Tuesday,person,0.973403
55,Tuesday,person,0.450166
55,Tuesday,person,0.983697
55,Tuesday,person,0.268941
56,Tuesday,person,0.377541
56,Tuesday,person,0.28905
56,Tuesday,person,0.845535
57,Tuesday,person,0.990048
57,Tuesday,person,0.869892
57,Tuesday,person,0.645656
57,Tuesday,person,0.731059
57,Tuesday,person,0.956893
57,Tuesday,person,0.995504
57,Tuesday,person,0.978119
57,Tuesday,person,0.983697
57,Tuesday,person,0.995504
58,Tuesday,person,0.845535
58,Tuesday,person,0.425557
63,Tuesday,person,0.354344
65,Tuesday,person,0.354344
65,Tuesday,person,0.549834
66,Tuesday,person,0.598688
68,Tuesday,person,0.710949
70,Tuesday,person,0.880797
70,Tuesday,person,0.880797
70,Tuesday,person,0.354344
70,Tuesday,person,0.98016
71,Tuesday,person,0.947846
71,Tuesday,person,0.425557
71,Tuesday,person,0.908877
71,Tuesday,person,0.916827
71,Tuesday,person,0.450166
72,Tuesday,person,0.401312
72,Tuesday,person,0.802184
72,Tuesday,person,0.947846
72,Tuesday,person,0.993307
73,Tuesday,person,0.310026
73,Tuesday,person,0.645656
73,Tuesday,person,0.802184
73,Tuesday,person,0.869892
73,Tuesday,person,0.964429
73,Tuesday,person,0.997762
74,Tuesday,person,0.964429
74,Tuesday,person,0.991837
74,Tuesday,person,0.890903
74,Tuesday,person,0.989013
74,Tuesday,person,0.98016
74,Tuesday,person,0.354344
74,Tuesday,person,0.75026
75,Tuesday,person,0.930862
75,Tuesday,person,0.967705
75,Tuesday,person,0.989013
75,Tuesday,person,0.475021
75,Tuesday,person,0.354344
75,Tuesday,person,0.310026
75,Tuesday,person,0.401312
75,Tuesday,person,0.475021
75,Tuesday,person,0.377541
75,Tuesday,person,0.956893
75,Tuesday,person,0.731059
75,Tuesday,person,0.75026
75,Tuesday,person,0.377541
77,Tuesday,person,0.668188
77,Tuesday,person,0.28905
78,Tuesday,person,0.331812
78,Tuesday,person,0.549834
78,Tuesday,person,0.401312
78,Tuesday,person,0.401312
78,Tuesday,person,0.5
79,Tuesday,person,0.268941
79,Tuesday,person,0.645656
79,Tuesday,person,0.817574
79,Tuesday,person,0.354344
79,Tuesday,person,0.310026
80,Tuesday,person,0.268941
80,Tuesday,person,0.310026
80,Tuesday,person,0.268941
80,Tuesday,person,0.869892
80,Tuesday,person,0.622459
80,Tuesday,person,0.268941
80,Tuesday,person,0.475021
80,Tuesday,person,0.524979
80,Tuesday,person,0.401312
80,Tuesday,person,0.28905
80,Tuesday,person,0.331812
80,Tuesday,person,0.475021
80,Tuesday,person,0.28905
80,Tuesday,person,0.331812
80,Tuesday,person,0.28905
80,Tuesday,person,0.310026
80,Tuesday,person,0.524979
80,Tuesday,person,0.401312
81,Tuesday,person,0.268941
81,Tuesday,person,0.28905
81,Tuesday,person,0.331812
81,Tuesday,person,0.377541
81,Tuesday,person,0.401312
81,Tuesday,person,0.999325
81,Tuesday,person,0.802184
82,Tuesday,person,0.450166
82,Tuesday,person,0.331812
82,Tuesday,person,0.524979
83,Tuesday,person,0.924142
83,Tuesday,person,0.999254
84,Tuesday,person,0.996665
85,Tuesday,person,0.995033
88,Tuesday,person,0.999176
88,Tuesday,person,0.310026
88,Tuesday,person,0.310026
88,Tuesday,person,0.998499
88,Tuesday,person,0.991837
88,Tuesday,person,0.28905
91,Tuesday,person,0.377541
91,Tuesday,person,0.450166
92,Tuesday,person,0.598688
92,Tuesday,person,0.450166
92,Tuesday,person,0.331812
92,Tuesday,person,0.622459
92,Tuesday,person,0.450166
92,Tuesday,person,0.450166
92,Tuesday,person,0.310026
92,Tuesday,person,0.331812
92,Tuesday,person,0.598688
92,Tuesday,person,0.802184
92,Tuesday,person,0.268941
92,Tuesday,person,0.268941
92,Tuesday,person,0.28905
92,Tuesday,person,0.377541
92,Tuesday,person,0.75026
93,Tuesday,person,0.354344
5,Wednesday,person,0.845535
5,Wednesday,person,0.802184
6,Wednesday,person,0.401312
6,Wednesday,person,0.689974
6,Wednesday,person,0.310026
6,Wednesday,person,0.268941
14,Wednesday,person,0.310026
22,Wednesday,person,0.268941
22,Wednesday,person,0.310026
26,Wednesday,person,0.377541
29,Wednesday,person,0.401312
30,Wednesday,person,0.845535
30,Wednesday,person,0.645656
32,Wednesday,person,0.310026
33,Wednesday,person,0.900249
33,Wednesday,person,0.28905
33,Wednesday,person,0.947846
34,Wednesday,person,0.999447
35,Wednesday,person,0.999447
35,Wednesday,person,0.978119
35,Wednesday,person,0.731059
35,Wednesday,person,0.900249
35,Wednesday,person,0.598688
36,Wednesday,person,0.768525
36,Wednesday,person,0.268941
36,Wednesday,person,0.524979
36,Wednesday,person,0.908877
36,Wednesday,person,0.28905
36,Wednesday,person,0.28905
36,Wednesday,person,0.994514
36,Wednesday,person,0.995504
36,Wednesday,person,0.710949
36,Wednesday,person,0.987872
36,Wednesday,person,0.832018
37,Wednesday,person,0.268941
37,Wednesday,person,0.880797
37,Wednesday,person,0.425557
37,Wednesday,person,0.960834
37,Wednesday,person,0.710949
37,Wednesday,person,0.890903
37,Wednesday,person,0.978119
37,Wednesday,person,0.999176
37,Wednesday,person,0.987872
37,Wednesday,person,0.574443
37,Wednesday,person,0.869892
37,Wednesday,person,0.947846
37,Wednesday,person,0.942676
37,Wednesday,person,0.845535
37,Wednesday,person,0.28905
37,Wednesday,person,0.425557
37,Wednesday,person,0.450166
38,Wednesday,person,0.377541
38,Wednesday,person,0.574443
38,Wednesday,person,0.475021
38,Wednesday,person,0.668188
38,Wednesday,person,0.987872
38,Wednesday,person,0.989013
38,Wednesday,person,0.997762
38,Wednesday,person,0.992608
38,Wednesday,person,0.993307
38,Wednesday,person,0.993307
38,Wednesday,person,0.377541
38,Wednesday,person,0.998887
39,Wednesday,person,0.731059
39,Wednesday,person,0.99959
39,Wednesday,person,0.995504
39,Wednesday,person,0.960834
39,Wednesday,person,0.880797
39,Wednesday,person,0.475021
39,Wednesday,person,0.999176
39,Wednesday,person,0.993307
39,Wednesday,person,0.475021
40,Wednesday,person,0.574443
40,Wednesday,person,0.574443
40,Wednesday,person,0.930862
40,Wednesday,person,0.997268
40,Wednesday,person,0.937027
40,Wednesday,person,0.997527
41,Wednesday,person,0.401312
41,Wednesday,person,0.689974
41,Wednesday,person,0.900249
42,Wednesday,person,0.75026
42,Wednesday,person,0.450166
42,Wednesday,person,0.996665
46,Wednesday,person,0.990987
46,Wednesday,person,0.710949
47,Wednesday,person,0.5
47,Wednesday,person,0.993307
47,Wednesday,person,0.268941
47,Wednesday,person,0.549834
47,Wednesday,person,0.354344
47,Wednesday,person,0.598688
47,Wednesday,person,0.956893
47,Wednesday,person,0.869892
47,Wednesday,person,0.377541
47,Wednesday,person,0.689974
48,Wednesday,person,0.331812
48,Wednesday,person,0.982014
48,Wednesday,person,0.999254
48,Wednesday,person,0.960834
48,Wednesday,person,0.731059
48,Wednesday,person,0.377541
48,Wednesday,person,0.768525
49,Wednesday,person,0.549834
49,Wednesday,person,0.425557
49,Wednesday,person,0.998641
49,Wednesday,person,0.731059
49,Wednesday,person,0.5
49,Wednesday,person,0.310026
49,Wednesday,person,0.622459
49,Wednesday,person,0.832018
49,Wednesday,person,0.998993
50,Wednesday,person,0.983697
50,Wednesday,person,0.998167
50,Wednesday,person,0.28905
51,Wednesday,person,0.331812
51,Wednesday,person,0.994514
51,Wednesday,person,0.924142
51,Wednesday,person,0.908877
51,Wednesday,person,0.942676
51,Wednesday,person,0.982014
51,Wednesday,person,0.802184
51,Wednesday,person,0.524979
51,Wednesday,person,0.952574
52,Wednesday,person,0.574443
52,Wednesday,person,0.983697
52,Wednesday,person,0.942676
52,Wednesday,person,0.999389
52,Wednesday,person,0.998993
52,Wednesday,person,0.880797
54,Wednesday,person,0.99394
56,Wednesday,person,0.28905
56,Wednesday,person,0.880797
56,Wednesday,person,0.785835
56,Wednesday,person,0.475021
56,Wednesday,person,0.869892
57,Wednesday,person,0.890903
57,Wednesday,person,0.689974
57,Wednesday,person,0.869892
57,Wednesday,person,0.802184
57,Wednesday,person,0.785835
57,Wednesday,person,0.549834
57,Wednesday,person,0.802184
57,Wednesday,person,0.785835
57,Wednesday,person,0.947846
57,Wednesday,person,0.890903
57,Wednesday,person,0.689974
57,Wednesday,person,0.880797
57,Wednesday,person,0.75026
57,Wednesday,person,0.524979
70,Wednesday,person,0.768525
70,Wednesday,person,0.99593
70,Wednesday,person,0.845535
70,Wednesday,person,0.622459
70,Wednesday,person,0.475021
70,Wednesday,person,0.645656
70,Wednesday,person,0.425557
70,Wednesday,person,0.475021
71,Wednesday,person,0.524979
71,Wednesday,person,0.5
71,Wednesday,person,0.28905
71,Wednesday,person,0.924142
71,Wednesday,person,0.331812
71,Wednesday,person,0.973403
72,Wednesday,person,0.997975
72,Wednesday,person,0.710949
73,Wednesday,person,0.377541
73,Wednesday,person,0.450166
74,Wednesday,person,0.574443
74,Wednesday,person,0.401312
77,Wednesday,person,0.401312
80,Wednesday,person,0.989013
80,Wednesday,person,0.5
83,Wednesday,person,0.310026
83,Wednesday,person,0.354344
84,Wednesday,person,0.574443
27,Thursday,person,0.310026
27,Thursday,person,0.574443
27,Thursday,person,0.5
27,Thursday,person,0.524979
28,Thursday,person,0.890903
28,Thursday,person,0.997527
28,Thursday,person,0.549834
28,Thursday,person,0.310026
28,Thursday,person,0.845535
28,Thursday,person,0.668188
28,Thursday,person,0.574443
29,Thursday,person,0.574443
29,Thursday,person,0.401312
31,Thursday,person,0.845535
31,Thursday,person,0.710949
34,Thursday,person,0.942676
34,Thursday,person,0.425557
34,Thursday,person,0.331812
34,Thursday,person,0.622459
34,Thursday,person,0.331812
34,Thursday,person,0.310026
35,Thursday,person,0.268941
35,Thursday,person,0.28905
35,Thursday,person,0.354344
35,Thursday,person,0.710949
35,Thursday,person,0.5
35,Thursday,person,0.310026
36,Thursday,person,0.710949
36,Thursday,person,0.268941
36,Thursday,person,0.98016
36,Thursday,person,0.960834
36,Thursday,person,0.268941
36,Thursday,person,0.549834
36,Thursday,person,0.997268
36,Thursday,person,0.645656
36,Thursday,person,0.987872
36,Thursday,person,0.450166
36,Thursday,person,0.268941
36,Thursday,person,0.989013
37,Thursday,person,0.890903
37,Thursday,person,0.999325
37,Thursday,person,0.475021
37,Thursday,person,0.947846
37,Thursday,person,0.890903
37,Thursday,person,0.689974
37,Thursday,person,0.985226
37,Thursday,person,0.973403
37,Thursday,person,0.999389
37,Thursday,person,0.622459
37,Thursday,person,0.987872
37,Thursday,person,0.622459
37,Thursday,person,0.785835
38,Thursday,person,0.880797
38,Thursday,person,0.916827
38,Thursday,person,0.645656
38,Thursday,person,0.28905
38,Thursday,person,0.832018
38,Thursday,person,0.960834
38,Thursday,person,0.802184
38,Thursday,person,0.768525
38,Thursday,person,0.524979
38,Thursday,person,0.999629
38,Thursday,person,0.450166
38,Thursday,person,0.994514
38,Thursday,person,0.401312
38,Thursday,person,0.268941
38,Thursday,person,0.268941
38,Thursday,person,0.268941
38,Thursday,person,0.354344
38,Thursday,person,0.28905
38,Thursday,person,0.475021
39,Thursday,person,0.401312
39,Thursday,person,0.916827
39,Thursday,person,0.99959
39,Thursday,person,0.982014
39,Thursday,person,0.99959
39,Thursday,person,0.28905
39,Thursday,person,0.310026
39,Thursday,person,0.668188
39,Thursday,person,0.689974
39,Thursday,person,0.869892
39,Thursday,person,0.524979
40,Thursday,person,0.310026
40,Thursday,person,0.845535
40,Thursday,person,0.268941
40,Thursday,person,0.310026
40,Thursday,person,0.98016
40,Thursday,person,0.964429
40,Thursday,person,0.858149
40,Thursday,person,0.354344
41,Thursday,person,0.998993
41,Thursday,person,0.890903
41,Thursday,person,0.916827
41,Thursday,person,0.28905
41,Thursday,person,0.999176
41,Thursday,person,0.268941
41,Thursday,person,0.28905
41,Thursday,person,0.785835
41,Thursday,person,0.524979
42,Thursday,person,0.598688
42,Thursday,person,0.999665
48,Thursday,person,0.310026
49,Thursday,person,0.268941
49,Thursday,person,0.689974
49,Thursday,person,0.967705
50,Thursday,person,0.524979
50,Thursday,person,0.990987
51,Thursday,person,0.28905
51,Thursday,person,0.5
52,Thursday,person,0.524979
53,Thursday,person,0.998167
56,Thursday,person,0.869892
56,Thursday,person,0.890903
57,Thursday,person,0.75026
57,Thursday,person,0.425557
58,Thursday,person,0.768525
59,Thursday,person,0.354344
64,Thursday,person,0.28905
65,Thursday,person,0.983697
65,Thursday,person,0.668188
65,Thursday,person,0.645656
65,Thursday,person,0.970688
65,Thursday,person,0.549834
65,Thursday,person,0.832018
65,Thursday,person,0.869892
65,Thursday,person,0.880797
65,Thursday,person,0.768525
67,Thursday,person,0.890903
68,Thursday,person,0.937027
68,Thursday,person,0.900249
68,Thursday,person,0.991837
68,Thursday,person,0.900249
68,Thursday,person,0.401312
71,Thursday,person,0.858149
71,Thursday,person,0.268941
71,Thursday,person,0.900249
71,Thursday,person,0.947846
71,Thursday,person,0.622459
72,Thursday,person,0.549834
72,Thursday,person,0.964429
72,Thursday,person,0.354344
73,Thursday,person,0.964429
73,Thursday,person,0.996665
73,Thursday,person,0.995033
73,Thursday,person,0.99593
73,Thursday,person,0.997527
73,Thursday,person,0.75026
74,Thursday,person,0.5
74,Thursday,person,0.28905
74,Thursday,person,0.880797
74,Thursday,person,0.268941
74,Thursday,person,0.858149
74,Thursday,person,0.937027
74,Thursday,person,0.710949
74,Thursday,person,0.983697
74,Thursday,person,0.952574
74,Thursday,person,0.354344
75,Thursday,person,0.982014
75,Thursday,person,0.982014
75,Thursday,person,0.310026
75,Thursday,person,0.377541
75,Thursday,person,0.75026
75,Thursday,person,0.908877
75,Thursday,person,0.964429
75,Thursday,person,0.916827
75,Thursday,person,0.401312
76,Thursday,person,0.967705
77,Thursday,person,0.377541
78,Thursday,person,0.967705
78,Thursday,person,0.990987
79,Thursday,person,0.967705
79,Thursday,person,0.785835
79,Thursday,person,0.475021
79,Thursday,person,0.997762
79,Thursday,person,0.999254
79,Thursday,person,0.999325
79,Thursday,person,0.924142
79,Thursday,person,0.908877
79,Thursday,person,0.995033
79,Thursday,person,0.987872
79,Thursday,person,0.994514
79,Thursday,person,0.832018
80,Thursday,person,0.331812
80,Thursday,person,0.331812
80,Thursday,person,0.475021
80,Thursday,person,0.942676
80,Thursday,person,0.574443
80,Thursday,person,0.930862
81,Thursday,person,0.975873
81,Thursday,person,0.952574
81,Thursday,person,0.900249
81,Thursday,person,0.645656
81,Thursday,person,0.28905
82,Thursday,person,0.268941
83,Thursday,person,0.268941
85,Thursday,person,0.450166
85,Thursday,person,0.354344
85,Thursday,person,0.475021
86,Thursday,person,0.908877
87,Thursday,person,0.450166
89,Thursday,person,0.937027
89,Thursday,person,0.817574
90,Thursday,person,0.916827
90,Thursday,person,0.689974
90,Thursday,person,0.987872
90,Thursday,person,0.524979
90,Thursday,person,0.900249
90,Thursday,person,0.331812
91,Thursday,person,0.964429
91,Thursday,person,0.731059
91,Thursday,person,0.598688
93,Thursday,person,0.310026
1,Friday,person,0.858149
1,Friday,person,0.916827
1,Friday,person,0.99394
5,Friday,person,0.645656
8,Friday,person,0.731059
8,Friday,person,0.549834
8,Friday,person,0.425557
25,Friday,person,0.960834
29,Friday,person,0.689974
30,Friday,person,0.28905
30,Friday,person,0.947846
31,Friday,person,0.28905
31,Friday,person,0.450166
31,Friday,person,0.924142
31,Friday,person,0.549834
35,Friday,person,0.5
36,Friday,person,0.377541
37,Friday,person,0.354344
37,Friday,person,0.998993
37,Friday,person,0.997975
38,Friday,person,0.880797
38,Friday,person,0.310026
39,Friday,person,0.689974
39,Friday,person,0.28905
40,Friday,person,0.354344
40,Friday,person,0.5
40,Friday,person,0.401312
41,Friday,person,0.524979
42,Friday,person,0.970688
42,Friday,person,0.999176
43,Friday,person,0.964429
43,Friday,person,0.999325
43,Friday,person,0.401312
43,Friday,person,0.731059
43,Friday,person,0.994514
44,Friday,person,0.5
44,Friday,person,0.985226
45,Friday,person,0.973403
45,Friday,person,0.710949
45,Friday,person,0.869892
45,Friday,person,0.689974
45,Friday,person,0.832018
45,Friday,person,0.668188
45,Friday,person,0.377541
45,Friday,person,0.908877
45,Friday,person,0.574443
45,Friday,person,0.999389
45,Friday,person,0.99959
45,Friday,person,0.425557
45,Friday,person,0.310026
46,Friday,person,0.785835
46,Friday,person,0.908877
46,Friday,person,0.524979
46,Friday,person,0.993307
46,Friday,person,0.999176
47,Friday,person,0.942676
47,Friday,person,0.990048
47,Friday,person,0.997268
49,Friday,person,0.425557
50,Friday,person,0.310026
50,Friday,person,0.986613
51,Friday,person,0.574443
55,Friday,person,0.869892
56,Friday,person,0.574443
56,Friday,person,0.331812
59,Friday,person,0.998887
62,Friday,person,0.268941
63,Friday,person,0.937027
63,Friday,person,0.268941
65,Friday,person,0.310026
65,Friday,person,0.908877
65,Friday,person,0.425557
65,Friday,person,0.890903
65,Friday,person,0.845535
66,Friday,person,0.331812
66,Friday,person,0.28905
66,Friday,person,0.956893
67,Friday,person,0.28905
72,Friday,person,0.668188
72,Friday,person,0.982014
72,Friday,person,0.549834
72,Friday,person,0.997527
73,Friday,person,0.331812
73,Friday,person,0.983697
73,Friday,person,0.890903
73,Friday,person,0.768525
73,Friday,person,0.952574
75,Friday,person,0.28905
76,Friday,person,0.425557
77,Friday,person,0.999089
77,Friday,person,0.964429
77,Friday,person,0.999254
77,Friday,person,0.645656
77,Friday,person,0.524979
77,Friday,person,0.99394
78,Friday,person,0.268941
79,Friday,person,0.995033
79,Friday,person,0.952574
79,Friday,person,0.990987
79,Friday,person,0.99593
79,Friday,person,0.992608
80,Friday,person,0.995033
80,Friday,person,0.982014
80,Friday,person,0.5
80,Friday,person,0.785835
80,Friday,person,0.768525
80,Friday,person,0.947846
80,Friday,person,0.598688
81,Friday,person,0.549834
81,Friday,person,0.999389
81,Friday,person,0.802184
81,Friday,person,0.598688
82,Friday,person,0.310026
82,Friday,person,0.668188
82,Friday,person,0.310026
82,Friday,person,0.970688
82,Friday,person,0.710949
82,Friday,person,0.998641
83,Friday,person,0.996316
83,Friday,person,0.785835
83,Friday,person,0.549834
83,Friday,person,0.952574
83,Friday,person,0.999089
83,Friday,person,0.880797
83,Friday,person,0.268941
84,Friday,person,0.28905
84,Friday,person,0.354344
84,Friday,person,0.331812
84,Friday,person,0.998341
84,Friday,person,0.982014
84,Friday,person,0.377541
85,Friday,person,0.401312
86,Friday,person,0.401312
86,Friday,person,0.28905
86,Friday,person,0.817574
86,Friday,person,0.996665
87,Friday,person,0.598688
93,Friday,person,0.598688
94,Friday,person,0.967705
1,Saturday,person,0.354344
8,Saturday,person,0.377541
8,Saturday,person,0.970688
10,Saturday,person,0.869892
13,Saturday,person,0.975873
13,Saturday,person,0.858149
21,Saturday,person,0.930862
26,Saturday,person,0.354344
27,Saturday,person,0.731059
27,Saturday,person,0.999325
27,Saturday,person,0.999547
27,Saturday,person,0.930862
27,Saturday,person,0.354344
29,Saturday,person,0.710949
29,Saturday,person,0.354344
34,Saturday,person,0.937027
36,Saturday,person,0.28905
36,Saturday,person,0.998993
36,Saturday,person,0.998771
36,Saturday,person,0.785835
37,Saturday,person,0.28905
37,Saturday,person,0.268941
37,Saturday,person,0.947846
38,Saturday,person,0.710949
38,Saturday,person,0.924142
38,Saturday,person,0.524979
38,Saturday,person,0.858149
38,Saturday,person,0.98016
39,Saturday,person,0.354344
39,Saturday,person,0.99394
39,Saturday,person,0.995033
39,Saturday,person,0.952574
39,Saturday,person,0.998341
39,Saturday,person,0.970688
39,Saturday,person,0.28905
39,Saturday,person,0.999325
40,Saturday,person,0.998887
40,Saturday,person,0.983697
40,Saturday,person,0.331812
40,Saturday,person,0.401312
40,Saturday,person,0.28905
40,Saturday,person,0.310026
40,Saturday,person,0.268941
40,Saturday,person,0.28905
41,Saturday,person,0.310026
42,Saturday,person,0.710949
42,Saturday,person,0.990048
42,Saturday,person,0.450166
45,Saturday,person,0.310026
45,Saturday,person,0.937027
47,Saturday,person,0.331812
48,Saturday,person,0.354344
48,Saturday,person,0.997975
48,Saturday,person,0.997975
48,Saturday,person,0.731059
48,Saturday,person,0.995033
48,Saturday,person,0.991837
48,Saturday,person,0.998641
49,Saturday,person,0.310026
50,Saturday,person,0.524979
50,Saturday,person,0.310026
51,Saturday,person,0.9995
51,Saturday,person,0.869892
51,Saturday,person,0.993307
51,Saturday,person,0.990987
51,Saturday,person,0.768525
52,Saturday,person,0.999089
52,Saturday,person,0.960834
52,Saturday,person,0.768525
52,Saturday,person,0.916827
52,Saturday,person,0.75026
52,Saturday,person,0.999325
52,Saturday,person,0.942676
52,Saturday,person,0.858149
52,Saturday,person,0.354344
52,Saturday,person,0.98016
52,Saturday,person,0.997975
53,Saturday,person,0.475021
53,Saturday,person,0.817574
53,Saturday,person,0.997975
53,Saturday,person,0.987872
53,Saturday,person,0.983697
53,Saturday,person,0.998499
53,Saturday,person,0.99394
53,Saturday,person,0.995033
53,Saturday,person,0.998341
53,Saturday,person,0.98016
53,Saturday,person,0.996982
53,Saturday,person,0.668188
53,Saturday,person,0.992608
54,Saturday,person,0.354344
54,Saturday,person,0.992608
54,Saturday,person,0.832018
55,Saturday,person,0.817574
55,Saturday,person,0.574443
57,Saturday,person,0.964429
57,Saturday,person,0.986613
57,Saturday,person,0.785835
57,Saturday,person,0.960834
60,Saturday,person,0.900249
61,Saturday,person,0.268941
61,Saturday,person,0.937027
62,Saturday,person,0.377541
62,Saturday,person,0.268941
62,Saturday,person,0.310026
62,Saturday,person,0.310026
62,Saturday,person,0.354344
62,Saturday,person,0.377541
62,Saturday,person,0.331812
62,Saturday,person,0.549834
62,Saturday,person,0.377541
62,Saturday,person,0.28905
62,Saturday,person,0.310026
62,Saturday,person,0.310026
62,Saturday,person,0.996982
63,Saturday,person,0.924142
63,Saturday,person,0.475021
63,Saturday,person,0.75026
63,Saturday,person,0.952574
63,Saturday,person,0.999254
63,Saturday,person,0.817574
63,Saturday,person,0.967705
63,Saturday,person,0.986613
63,Saturday,person,0.354344
63,Saturday,person,0.331812
64,Saturday,person,0.310026
64,Saturday,person,0.28905
64,Saturday,person,0.768525
64,Saturday,person,0.331812
64,Saturday,person,0.401312
64,Saturday,person,0.996982
64,Saturday,person,0.401312
65,Saturday,person,0.622459
65,Saturday,person,0.268941
65,Saturday,person,0.268941
